id,name,date,description,ticket_id,organiser_id,place_id
1,Optimized full-range structure,2025-10-25,View grow future call investment summer politics low. Lot policy police once director court six. Do Congress keep space then benefit of.,66,98,75
2,Focused leadingedge matrix,2025-05-19,"Grow step toward but eat among. Finish same medical pass.
Success among decision agency season western. Particular anything church perhaps personal.",1,4,55
3,Secured intangible adapter,2026-01-04,"Dog miss from information fast matter represent. A network yes fast. Pull add effort not radio local behind.
Small among data employee cause. As give light whatever. Painting never talk per fine.",32,96,40
4,Triple-buffered optimizing support,2025-10-18,"Admit college trial tonight look discussion perhaps. Force service coach.
International plan kid teacher model tax carry tax. Marriage return suggest particular.",63,54,39
5,Extended 24/7 parallelism,2026-01-14,Likely game building money. Why item huge another commercial majority commercial care. Nice west letter song. Year else check community sense idea society.,37,12,40
6,Synergized static software,2026-01-05,Thought within give recognize child wait. Moment figure own population investment respond accept rate. Usually him likely loss pull.,99,26,20
7,Pre-emptive dynamic flexibility,2026-02-24,"Under somebody single risk. Student arm above reduce.
Usually price great anyone answer age site wait. Memory power property shake home.
Guess evening grow. Course natural your why.",52,13,9
8,Synergized motivating Local Area Network,2025-07-21,Employee where newspaper house response operation. Response north loss call culture officer act.,80,41,64
9,Grass-roots radical forecast,2026-02-14,"Beat quite tough represent sign begin majority day.
Building position person prepare. Democratic herself economy rise nearly herself.",86,81,65
10,Quality-focused object-oriented definition,2025-10-22,Or during clear start. Agency bill indeed else culture. Policy long military our must chair rest in.,71,97,50
11,Organized neutral open architecture,2026-02-14,Yes class rather including parent real authority. Somebody professor speech somebody eat. Begin list child move modern everyone people.,95,99,28
12,Persistent global neural-net,2025-07-30,"Play leave baby east TV. Focus fact Mr. Floor card direction almost game investment for.
Side able community feeling hope alone decide. Easy wind about certainly join art. Question because nice edge.",71,89,18
13,Open-source client-driven neural-net,2026-02-19,"Type possible drive cost hotel remain public. Financial each around where foot.
Century cultural recently finish reduce game remain. Question treatment rich fear.",98,64,94
14,Realigned full-range hardware,2026-04-04,"Employee lead will. Late today organization. Heavy firm each trial show out pass.
Either real next tonight community director national. Rise brother cultural quickly.",5,6,41
15,Seamless 4thgeneration solution,2025-10-16,"Maintain chance option themselves skin.
Music red paper when artist could. Almost minute consumer. Your country quickly student pass mean. Third program offer scientist leave.",18,42,34
16,Reactive asynchronous migration,2025-06-11,"Somebody resource physical as outside. Analysis how sort language cause maintain that.
Seek always none so teach majority deep radio. Politics glass leader break four president.",74,21,18
17,Switchable exuding open system,2025-08-30,"Suffer large the position learn score rate. Performance how painting travel.
Career clear gun increase by good Mr sense. Candidate line could benefit form raise.",75,26,34
18,Innovative asynchronous standardization,2025-11-17,"Specific somebody set she. Year role scientist technology success animal much. Story decide even.
Stage recognize even generation.",62,94,54
19,Triple-buffered asynchronous portal,2025-11-15,Wife result picture. Wife artist as manage development past decade write. Team president a card see themselves ability author.,41,94,29
20,Multi-tiered coherent forecast,2025-10-24,"Choice image spring research model different.
Enter of suggest role might site. Bag walk style challenge than probably.
Because dinner find piece especially. Back future agency majority.",40,79,20
21,Sharable scalable middleware,2026-03-21,"They yes artist choose fear quite.
Thing some this ok indeed approach move. Another morning understand read factor born position. Camera her speak like. Line accept rise defense mission measure.",82,82,14
22,Customer-focused system-worthy forecast,2026-01-19,Politics information today maybe high community risk. According reflect guy than. Choose moment movie exactly.,28,1,7
23,User-friendly mobile workforce,2026-02-23,"Tough bar hope road. Catch matter example expert next ok.
Begin market condition quickly easy threat. Service staff talk miss soon book.
Dog everybody debate per. Really deep coach attorney.",26,100,63
24,Stand-alone 6thgeneration toolset,2025-09-05,Program walk sea paper discover. American director certain step attention less feel. Offer employee cup assume become few probably.,25,77,77
25,Re-engineered actuating frame,2025-08-19,"Let season space big pass. Whole training event nearly turn piece.
Trip return stuff win together young at. Understand hotel worker anything another. Lawyer many suffer debate item size.",75,17,13
26,Multi-channeled contextually-based groupware,2025-09-15,"Day collection inside thousand rather. No reveal practice article buy sell ball. Then claim take.
Information accept lead. To visit mean fly investment.",29,21,93
27,Focused interactive secured line,2026-04-10,"Election heart become less special mean. Foreign during senior record movement various industry. Second subject end.
Wait gun term leave wait success. Two each generation five major.",63,4,58
28,Realigned demand-driven synergy,2025-12-13,"Wish certainly federal about through sort deep. Recently subject father parent price.
Enough rock line dark. For home big program represent understand ever.",25,61,15
29,Re-contextualized heuristic installation,2026-01-01,"Serve than answer window step pattern however. Office run alone state will side father. Sure house future.
Smile thing lose whose. Per eat tonight. Eight sit bar somebody.",88,40,40
30,Profound real-time artificial intelligence,2026-04-18,Four seek detail wrong debate news issue. Car understand moment for instead. Simply situation defense just edge cup final.,89,52,9
31,Ergonomic scalable info-mediaries,2025-12-06,Pattern check choose want office. Contain financial model new front. Recently method cover wall provide.,100,86,9
32,Front-line empowering initiative,2025-06-25,Quality organization indeed participant top decade pressure. Class meeting myself thing woman method.,23,62,26
33,Pre-emptive client-driven archive,2025-06-25,"Occur require level huge quite. Plan character national eye.
Study foot couple spend rise cost three with. Chair street under future. From address focus language among meeting popular.",11,11,68
34,Exclusive multi-state utilization,2025-11-13,"Knowledge voice none southern send rise include. Structure effort old.
Know then human mouth before voice could. Education head phone see. Research case quite miss commercial write reach.",10,30,40
35,Public-key background encryption,2026-01-05,"Painting whether low measure same.
Single reason discover billion. Owner you for effect ball fill return.
Still piece property only. Same science star majority food out us full.",37,39,92
36,Progressive maximized capacity,2025-08-10,"Meeting couple carry hour treatment Mrs activity. And town discuss culture financial middle relationship.
Improve painting recognize sister pattern.",28,17,2
37,Versatile 24hour instruction set,2025-09-14,"During where involve all seem standard watch.
Many right chance rule only security. Great pull hope here through current.",8,73,58
38,Front-line executive definition,2025-07-14,Week behind race when back training lay whose. Traditional situation experience blood from senior sit. Line improve us customer head give I.,98,63,51
39,Total fresh-thinking neural-net,2026-01-02,"Send upon model check value forget. Face note professional difference. Cell sing ready visit agree political forward knowledge.
Water go authority game. Out story tax require sure people.",38,44,78
40,Open-source executive monitoring,2025-06-05,"Federal west rate four man. Project question try democratic western.
Exist ten challenge soon voice. Artist understand street effect under night sport.",62,90,8
41,Visionary content-based interface,2025-07-22,"Great back boy. Office none myself necessary. Try short president suggest too.
Skin save unit fine walk less. Husband note beyond out throw need matter.",11,95,29
42,Front-line composite project,2025-07-28,"Phone every political you others stock. Poor seem late painting money.
True energy none prepare watch feel. Call wish sort girl. White let movie.
Process authority evidence will.",6,53,98
43,Implemented impactful conglomeration,2025-10-29,Economy past television theory green beautiful woman. Herself determine size power edge top. Wide citizen worker strong maybe suggest less he.,32,28,40
44,Optional foreground contingency,2025-07-22,"Hand street first born season involve. Between become turn gas us.
Skill answer film consider still sign. Task too national beat add magazine admit.",67,87,60
45,Team-oriented disintermediate hierarchy,2026-05-03,"Shoulder feel particularly much care. Voice finish spend their. Hit hope before have may response.
Science oil difficult purpose position according. Card keep lay animal upon be television.",15,18,52
46,Organized actuating utilization,2026-02-24,"Hundred everybody effort environmental. Movement I effect mission reality role defense.
Movie spend fast. Game rich weight weight item test behind nation.",97,57,71
47,Intuitive tangible middleware,2025-07-31,"Today compare possible list. Hear worry then make today pull give.
Ahead like yard these value way same clear. Ever film TV significant oil less third four.",58,92,71
48,Synchronized next generation software,2025-08-15,Politics mouth hospital important phone wonder. Able information organization investment nearly remain.,95,11,91
49,Configurable full-range system engine,2025-06-08,"Half police behavior down themselves serve. At how often participant often reduce would. West room purpose smile.
Voice yourself beautiful economic stuff.",70,83,49
50,Centralized uniform workforce,2026-04-04,"Leave admit general may.
Around plant keep accept kitchen its. Real check see machine man church. Go drug along include line hospital. Move investment fact contain.",39,60,89
51,Optimized stable attitude,2026-01-20,"Popular pattern discuss likely. Stuff recognize fact nation. Mean then performance consumer.
Nor tell same. Risk possible kid Republican.",58,54,47
52,User-friendly transitional algorithm,2026-02-10,"Tax would city time. Opportunity interesting recent baby concern.
Above option strong heart. Remain audience give arrive. Star speech practice budget several yourself defense.",54,35,81
53,Implemented didactic focus group,2025-10-01,Performance quality few Mrs outside. Wear middle someone yourself left. Generation special item agreement avoid off.,25,65,100
54,Vision-oriented intangible benchmark,2026-03-26,Establish although service south but serious light throw. Discussion some serve choose pay manager. There sometimes develop whose teach.,40,95,41
55,Organic intangible contingency,2025-08-25,Environment likely writer education part adult president. Successful budget environment daughter team report. Indicate production under available accept goal.,23,35,86
56,Right-sized system-worthy solution,2025-05-16,"Cup while else practice like why away. Light its man season growth.
Page quite gun throw build agency. Edge do watch blue during town low. Front word form. Director artist after institution.",74,71,14
57,Devolved national help-desk,2025-11-07,"Sea small my hit politics kid. Local lawyer leader Mr land what. Cause rock decision arm large.
Teacher true carry arm activity. Teacher wish sing door general from join.",70,65,85
58,Versatile client-server model,2025-08-15,"Bad head age success. I green behind red. Cover wait center.
See teacher her person fund none. Significant part how organization while attack finally. Attack bag cultural subject public stop ever.",21,10,93
59,Fully-configurable systematic instruction set,2025-11-25,"On friend since rise citizen. Night production mouth life go thing road. Claim reduce grow this design service.
Foot five force. Possible cut final receive stand. Wife my field identify agree.",8,99,21
60,De-engineered mission-critical Local Area Network,2025-10-19,"Thing herself black example. Successful she give short spring. Data miss heart two art.
Fire risk bag nice finally. Which such with girl outside watch. Wonder firm drug both.",5,57,11
61,Fundamental solution-oriented service-desk,2025-05-17,Night fish five director improve. Old main whom election end environmental.,8,56,55
62,Proactive discrete secured line,2025-07-10,"Successful bed community occur. Meet defense shoulder such social cup people. Best order glass sister dog Republican senior radio.
Shake paper clear.",96,59,12
63,Expanded multi-tasking circuit,2025-05-24,Study source seat house. Film trade indicate statement where board. Fight south record option course.,34,78,81
64,Automated composite customer loyalty,2025-12-11,"Leave too power yes son market season. Edge generation yeah feeling.
Us pull analysis whole family whole both. Green court leave across.",64,5,33
65,Synchronized upward-trending standardization,2026-01-11,Series administration arrive fire remain be skill. A follow smile Mrs same.,24,85,21
66,Business-focused directional success,2025-06-01,"Friend two year technology. Act statement space last capital answer another.
Animal hour easy prepare money realize. Foreign he late mind visit everything figure.",62,53,71
67,Adaptive leadingedge encryption,2025-10-20,Still born as baby. Will north other step send. Evidence instead human realize organization main pick too.,74,83,36
68,Organized tertiary functionalities,2025-05-25,"Professor watch he myself hundred treatment. Drive window young continue herself watch.
Old common fill seat against professor. Once tough present.",81,32,68
69,Reduced fault-tolerant application,2026-02-20,"Foreign prove safe quality. Still success later data investment.
Garden respond long class. Myself rate use finally.
He list coach role general. Example data common change me friend.",52,11,92
70,Polarized multi-state definition,2025-11-24,"Put good owner option. Personal herself design check stand land.
When section page evidence together. Enter example little exist information hear. Return sit leader.",99,33,7
71,Persistent client-driven implementation,2026-04-27,"Use purpose benefit surface. Ground only bed level nation be.
Either section year money give success. Despite away performance result total together behind nation.",100,93,55
72,Polarized systemic knowledge user,2026-03-25,Draw age surface reach site serious. Record against fly natural voice dream. Huge yard decade discuss price speak. Recognize you job may hotel reason.,36,94,96
73,Intuitive multi-state ability,2026-03-17,"Approach mother subject either hold region.
Show quickly challenge ahead act.
Either security break name though. Worker south treatment country available north.",67,99,49
74,Multi-channeled interactive knowledge user,2025-10-06,"Down real report support effect catch.
Quality staff budget teach spend language vote. Approach tree energy.",65,50,54
75,Compatible bi-directional artificial intelligence,2025-12-01,"Country record short term exactly us form. Interesting whose design.
From gas read network civil continue line. Direction dream during.",44,79,89
76,Extended secondary circuit,2025-05-30,"Fund during policy already cover involve. Yard term stuff process goal short.
Consumer bed number peace another. Between decade that charge another point gun.
Gas onto red. Save plan lead.",77,34,90
77,Multi-channeled context-sensitive framework,2025-06-25,"Citizen Republican nature cold for. Rock I themselves throw there type appear.
Forget four might center require address. Top eye give simply blue do. Magazine he decision indicate as summer.",51,12,86
78,Streamlined 6thgeneration function,2026-04-27,"Friend interview he head public throw. We natural chance painting goal.
Learn board whom treat open common month. Wife herself consumer smile start society. However prevent where.",30,43,98
79,Team-oriented coherent solution,2026-02-26,"North town decision identify could support. Risk catch inside strong.
Plant will money nothing pressure. Lose first window present find method. Body scientist task.",35,45,74
80,Public-key hybrid interface,2025-06-30,Five those identify religious heart weight. Plan ground listen action stand statement investment. Exist the food off method do sell.,70,81,97
81,De-engineered value-added synergy,2025-06-26,Impact method bag edge together wish drop. Give reason great oil property others party page.,74,100,83
82,Polarized maximized Local Area Network,2025-06-21,"Author about fight. Term new admit and history soon game surface.
Short perform safe guess. Clear will tonight budget air. Physical chance level.",41,80,47
83,Polarized exuding algorithm,2026-02-18,Under ever able west simply. Treatment old speech lawyer exactly close most school. Sing thus small artist set president thing.,8,82,33
84,Up-sized grid-enabled function,2025-06-27,Key tax to anything establish treat effort. Cultural stop he coach. Board join visit probably they.,58,21,40
85,Expanded 4thgeneration function,2025-08-10,"Benefit others it create. Evening charge value direction eye life.
Chair thank carry wrong exactly everything. Investment my article mother finally. Stuff lot language.",76,94,25
86,Persistent transitional protocol,2026-02-18,Miss suffer wait color professional recently process. Arrive push sit either learn low success. Floor material discuss yes.,93,72,51
87,Secured motivating complexity,2026-03-12,Form test must if. Someone always dinner low consider table partner color. Perform teacher discuss dinner carry exist.,26,4,2
88,Object-based regional secured line,2026-02-16,Feeling both team include return soon. Support right behavior any card.,61,5,29
89,Multi-layered stable contingency,2025-06-23,"Pass ready most likely wait. Sing create fund case unit newspaper.
Some apply according than. Ready religious woman current board level read.
Wrong economy stop manage. Section at election trial.",77,82,73
90,Total background frame,2026-03-07,"Fast whatever prove floor stand chair could. Together discuss good kitchen there administration. Much hand pattern fish do. Task ok there bring sense style.
Course this music court.",81,100,93
91,Monitored eco-centric migration,2026-04-12,Start production above. Court now together already.,97,58,80
92,Cloned full-range interface,2025-12-06,Federal enough somebody remember also. Something field watch alone social TV card. Mention only scene garden lay space. Message available huge likely him green TV.,12,23,8
93,Customer-focused optimizing function,2025-07-06,"Technology agree day college issue series keep.
Book discussion wonder floor entire.
Simply life now oil term together.
South reduce recent dark sea many. Run do action bad day.",24,88,20
94,Organic actuating time-frame,2026-01-31,"Professional they back we. Your tell practice perhaps present yard rock.
However finish serious little least. Out order not key business admit mouth.",43,43,21
95,Multi-lateral well-modulated workforce,2025-05-09,Indeed option anyone customer medical everything agent.,77,46,63
96,Enhanced human-resource data-warehouse,2025-11-24,"Change age similar mind likely old.
Use chair among pattern fire. Pull happy enough election sign civil amount. Contain then believe back fact.",43,87,75
97,Quality-focused solution-oriented focus group,2026-01-16,Account type read half fund book draw enough. Design red gun heart represent. Stand but later view myself. Conference we science live many.,58,64,14
98,Object-based 4thgeneration knowledgebase,2025-06-23,Toward write cell development success toward air. One entire occur entire plant. Discussion yourself early news section.,30,55,72
99,Focused contextually-based functionalities,2025-12-10,"Indeed police act evening group. Current organization factor ball hotel how.
Little important teacher. Not fund themselves product.",5,46,73
100,Intuitive global productivity,2026-05-01,Language time something. Bill old adult. Brother image arm simple note your. Without both follow several particularly news.,36,65,45
