id,name
1,Mason-Molina
2,"Suarez, Mcguire and Rush"
3,Bautista-Whitaker
4,"May, Bates and Williams"
5,Gonzalez-Harris
6,Campbell and Sons
7,Greene and Sons
8,"Alexander, Salazar and Romero"
9,Mueller Group
10,Mcmahon-Jones
11,Gonzalez-Hernandez
12,Dawson Group
13,Wilson Ltd
14,Taylor PLC
15,Ferguson Group
16,Harvey LLC
17,Reed-Alvarez
18,"Jones, Young and White"
19,Burns LLC
20,Simpson Ltd
21,"Craig, Berg and Lopez"
22,Richardson-Woods
23,Valenzuela-Knight
24,Martin Inc
25,White-Riggs
26,Oliver-Farmer
27,Cooper Group
28,"Grant, Williamson and James"
29,Patterson Ltd
30,"Ortega, Buck and Bean"
31,"Ramos, Newton and Church"
32,"Griffith, Allen and Hammond"
33,Ortiz Group
34,Patterson PLC
35,"Brown, Fields and Hutchinson"
36,"Gonzalez, Lee and Kerr"
37,"Palmer, Evans and Hensley"
38,"Pope, Ortiz and Sullivan"
39,"Kelley, Hill and Chan"
40,Bowen Group
41,"Anderson, Velasquez and Jones"
42,Thompson-Morales
43,Houston Ltd
44,Wright-May
45,"Thompson, Lopez and Cole"
46,"Harding, White and Wall"
47,"Holland, Edwards and Klein"
48,"Gonzales, Owen and Jensen"
49,Johnson-Ramos
50,"Flores, Jordan and Guzman"
51,Mccarthy Group
52,Barber-Cooper
53,Moore-Lee
54,Maxwell-Dennis
55,Matthews-Richardson
56,"Gallagher, Rice and Robinson"
57,Leach-Wade
58,Robbins-Jones
59,Williams Inc
60,Morrison Ltd
61,"Smith, Clark and Johnson"
62,Martinez-Cruz
63,Smith-Spencer
64,Massey-Jones
65,"Smith, King and Walker"
66,Murphy-Patel
67,Castro-Brown
68,"Thomas, Guerrero and Holloway"
69,"Sullivan, Clark and Torres"
70,"Webster, Martin and Mendoza"
71,Burgess Group
72,Malone Group
73,Miller and Sons
74,"Davis, Jenkins and Alexander"
75,Fields-Lucas
76,Nguyen PLC
77,"Nunez, Hunt and Robles"
78,Mills and Sons
79,Garcia LLC
80,Edwards-Duncan
81,"Martin, Thomas and Avila"
82,Greene-Foster
83,"Waters, Bell and Carter"
84,"Rivera, Mckee and Ross"
85,Cortez and Sons
86,Lewis-Rodriguez
87,Johnson Group
88,Cook-Boyd
89,"Shaw, Obrien and Carr"
90,Smith-Pennington
91,Vasquez-Reyes
92,Rojas PLC
93,Peterson-Gonzalez
94,"Graham, Murphy and Hill"
95,"Hill, Weber and Hanna"
96,Anderson LLC
97,"Wright, Stokes and Cox"
98,Crane-Johnson
99,"Dean, Crosby and Rice"
100,Gonzalez LLC
