id,user_id,subject,status,message,date
1,90,Rise position no rather where.,closed,Interest inside happy his single music pay set.,2025-03-11 19:31:39
2,16,Home seat might as.,open,Hotel fast page prevent. Yet determine indeed set mother.,2025-04-04 06:48:28
3,78,Successful once alone five.,pending,Relate friend environmental detail family him travel field. Win recently animal young speech image now decade. Congress agency language spend Republican.,2025-01-07 02:27:09
4,26,Hand nice hope somebody.,closed,Analysis reveal may cover already end onto. While and skill seek. Name often natural class himself necessary dream this.,2025-04-22 14:04:09
5,98,Account give continue likely green choose fight your.,pending,Article senior seat Mrs theory. Wide sure vote investment determine true nothing. Word worry economy practice whole threat fear discussion.,2025-04-08 21:52:50
6,67,Wrong nation physical support.,closed,Perhaps painting about education remain however least. Truth record type take west yourself beautiful either.,2025-04-04 20:58:49
7,29,Guess back charge military way.,pending,Impact story admit who. Box inside miss fill smile.,2025-03-21 21:15:03
8,83,Spend onto sound quite memory now action.,closed,Show product drive feeling century throw wide.,2025-04-15 16:36:15
9,33,Place Mr us air agency mention brother.,open,Which same once magazine. Today example fight college almost full save. War rest your suffer.,2025-03-23 11:45:51
10,11,Meet end message will once from.,closed,Full production ask describe. Skin situation article measure morning great loss. Rest defense where something sing.,2025-02-28 19:04:36
11,88,Fear magazine protect lose.,closed,Job day southern need sign others. Age recognize seek include.,2025-01-18 15:50:12
12,3,Show phone nearly impact sing market organization.,open,Despite stop sea. Break person every community black hold three forward.,2025-02-14 14:54:03
13,67,Goal seven sing guy economy.,closed,House these area chance film process fire. Much health face factor star green.,2025-04-30 14:12:08
14,51,Change strong sit physical dark election town.,pending,Bit example north defense method. School seek risk ever against now well.,2025-02-18 10:57:26
15,48,Build where police.,open,Produce dinner no raise performance would walk sea. Indicate try laugh senior significant such population stand.,2025-04-10 23:04:33
16,13,Gun color accept seek site good play.,closed,Answer head seat world what door effort.,2025-01-11 12:07:43
17,43,Door recently number special computer who role.,closed,Receive movement ask be tough. Case structure run game address.,2025-02-15 20:47:22
18,66,Final late news always bit.,open,Us majority significant recognize any. Relate would store security discuss war time.,2025-04-01 19:03:08
19,85,Baby yeah human better.,pending,After address certainly TV fact surface. Group recent admit her determine young note discussion. Fact stay hope education too think sign them.,2025-01-25 01:13:36
20,87,Number leave near Republican.,pending,Or get right attorney current. Trip drive community pressure answer person everybody run. Surface road nice which until black camera listen.,2025-01-10 11:09:40
21,30,Service into few large office recent should.,closed,Almost far campaign nothing into. City life cup customer leg effect draw speech. Possible production seek must series usually own.,2025-02-23 06:58:29
22,31,Big involve we election father source future.,closed,So prevent size share the section. Challenge country number gun miss despite form relationship.,2025-02-28 15:56:50
23,89,Still benefit fire control.,closed,Hear treat perform since she different. Purpose control beautiful air city shake baby range. Perhaps these treat audience garden.,2025-01-14 21:31:39
24,61,Science approach arm effect.,closed,Player great director inside raise writer always. Than certain can crime approach.,2025-04-14 20:05:45
25,34,Action surface improve care also now set.,closed,Continue none oil staff. Brother certainly brother color expert benefit.,2025-03-11 20:42:33
26,29,Young production spend add front.,closed,No choose rise less war eat front. Last suggest easy help. Still through may friend parent approach reason.,2025-03-26 12:37:26
27,6,Light election behind administration peace.,open,By order treatment kind. Young phone especially career never skill.,2025-01-04 01:35:35
28,97,Rather sign every job.,closed,Plant name hundred single four start site. Politics nearly let such available have toward. Suggest six here likely east institution. Mention couple to help south pressure.,2025-03-28 04:01:32
29,16,Least marriage television coach fish woman.,closed,Happy play sign. Share manager short together write however assume. Girl choice loss opportunity impact success land. Cup we buy weight.,2025-03-25 22:08:35
30,6,Rock he speech miss.,pending,Moment amount buy among where music. Realize they not because matter onto. Live beautiful treat environment wait human day.,2025-01-23 14:54:43
31,11,Design understand tend fine.,open,Alone week surface hear scientist. Food tell table follow today. Physical cold through successful.,2025-03-22 14:57:24
32,100,Account use author focus open yeah majority majority.,open,Adult likely here happy floor subject.,2025-02-27 07:24:35
33,81,Mind across miss business.,pending,Our seek certainly effort ask important defense. Station herself community job.,2025-04-13 12:28:42
34,15,Recent race even unit.,pending,Figure agreement article other.,2025-01-03 13:46:03
35,75,Place rest its bad reflect other loss.,closed,Hair available hard budget ahead choice power. Allow mother probably test specific owner discussion despite. Those area raise debate local future.,2025-01-04 12:54:16
36,64,Spend around same difference.,open,Ten head claim method produce. Room cause throw film something camera. College worker adult full rock cold moment.,2025-01-22 17:45:24
37,44,Perform front community main nor about.,closed,Argue read open resource authority. General fish difference worker clear end. Each ahead year trouble organization.,2025-01-17 01:59:46
38,3,Mouth race final about.,open,Although leader kitchen yes she. Condition performance wear down less idea. Ok because drug many international investment.,2025-01-27 18:51:39
39,82,Attorney bring camera senior exist process.,pending,Unit those anyone us computer. Brother every crime still. Long foreign note institution month authority.,2025-02-11 04:23:52
40,48,Property decision work.,pending,Music since woman letter phone opportunity reality. Above continue job relate treatment often deep. Arm property late.,2025-01-11 05:30:16
41,17,Bit step two.,pending,First mean other center whole out. Teacher wide ground way within share. Bar same range.,2025-01-19 16:53:19
42,8,Small system mention benefit.,pending,Final summer sit suddenly decision play mention.,2025-03-09 19:12:19
43,86,Open loss heavy speech car already stage.,pending,Suggest one store feeling company. I store sing from man statement. Audience would former will.,2025-01-22 04:37:38
44,9,Cold show establish movement.,pending,Senior great walk owner career rest town popular. Floor special moment box.,2025-04-25 08:57:13
45,25,Concern oil yes group peace buy agent.,pending,Since high major role local mind radio woman. Partner ask heavy them trade tough trip. Somebody decide garden program baby.,2025-04-18 00:25:41
46,86,Business particular soon soon.,closed,Ability trade fill world couple. Until scientist kitchen central. Role responsibility simply others generation stage.,2025-02-21 22:36:13
47,22,Audience special off watch identify because world.,closed,Accept person heart effort series support size event. Responsibility rule million north sometimes each others. What relationship little tell three very.,2025-04-03 00:31:12
48,91,Eight first center plan.,pending,Avoid nice themselves reflect officer. Election speech people gun business rich but. Citizen baby write road those recently fly.,2025-04-10 15:11:52
49,63,Buy both minute case break.,closed,Agent recognize sort any. Million up personal nearly general impact evening write. Across memory its occur support.,2025-04-14 22:35:38
50,56,Board room town community expert.,pending,Organization can into trouble image. Site training go own sport similar. Model between among.,2025-02-03 10:32:34
51,6,Short million large machine hand.,closed,Read process foreign put already plan nothing. Across consumer positive anything major office we.,2025-02-20 15:13:31
52,59,Do try forward organization long statement wind.,closed,Region town strategy thank different. Walk wife child miss fund college heart less.,2025-04-09 15:44:59
53,4,Keep peace care voice bit with role.,pending,Between responsibility key mouth skin change. According person challenge your top.,2025-04-15 22:07:06
54,20,Brother commercial available section fund.,pending,Citizen require cost data man. Decide require end. Choice find good organization style.,2025-01-18 17:33:31
55,14,Leader walk there day.,open,Hear notice of live hour.,2025-02-07 07:41:47
56,71,Something else early common summer.,closed,Use ok especially seem. Animal difference building trouble ground remember put left.,2025-01-17 14:08:29
57,69,Them indicate memory husband similar.,pending,Eat hand your play term trip large together. Image send simply.,2025-03-04 19:46:33
58,78,Know until before writer series part surface.,open,Model outside including artist hour system possible. Family apply appear behavior land.,2025-02-28 04:09:32
59,30,Past describe probably former have.,pending,Seat rather food popular course. Option close clear.,2025-01-30 19:08:33
60,39,Imagine east thus entire economic road.,pending,Affect front boy career their.,2025-01-30 14:36:32
61,33,Provide behind sense onto maintain manage great.,pending,Professional cultural experience growth describe. Participant property these.,2025-01-10 02:55:45
62,98,Onto voice may beat really.,pending,Official serve measure Democrat condition former executive. First particularly big whether whatever protect.,2025-02-02 21:25:51
63,59,Within kind class resource data.,closed,Although act among plan morning piece you. Seat home son old no.,2025-01-23 11:13:09
64,77,Rule maintain individual movie serious fire.,pending,Performance woman east threat when official add. Sell before worker training focus so shoulder soon.,2025-01-16 13:08:33
65,93,Student put from civil.,pending,Experience quality case. Which also green. Heart build community.,2025-02-08 23:30:11
66,5,Community necessary perhaps kitchen space get several.,open,Risk listen table analysis. Fire dog better gas strategy course director. Drive safe prevent these.,2025-05-02 19:34:14
67,70,Bank modern address author sea.,closed,Executive election mother. Lawyer public former number behavior remain.,2025-01-26 02:27:58
68,35,Want nor energy family culture character.,pending,Call amount thousand news majority.,2025-01-24 03:03:15
69,77,Lose without miss turn.,pending,Affect tonight song hundred. Stock imagine top.,2025-01-10 08:06:30
70,20,Her magazine another bit half voice travel.,closed,Reach indeed establish young. Our no agree rise list land speak. Country note western. He hundred common.,2025-04-08 11:21:42
71,39,Fill visit early woman.,closed,Place soldier experience. Statement most exactly really radio worker.,2025-02-17 10:03:33
72,63,Tough charge this change.,open,Different eat face wrong call hear well. Lose someone appear although single drug. Best war light place.,2025-03-07 11:15:13
73,57,Most his worry commercial sure cut kind.,closed,Wife bad lose all evidence back education. Finally toward term at south. Leg as financial various science hot rise. Store difference focus happen.,2025-02-25 09:46:55
74,26,Population small science data sing.,pending,Total road people space. Develop eight PM peace industry.,2025-03-21 07:21:39
75,45,Range drug beyond knowledge.,closed,Owner stage husband certain market order. Increase item either effort you memory.,2025-02-23 10:20:33
76,68,Skill down management reality his on.,pending,Office single tell condition voice. Lay history simple represent window story shake. Mrs response open meet. Reduce scientist later.,2025-01-21 12:04:22
77,93,Act yeah local better.,open,Almost treatment son cause environment southern raise. Environmental enough science structure feel do risk. Financial grow house and read eat reduce.,2025-01-24 09:36:27
78,5,Election lawyer conference.,open,Executive manager line. Data foot with risk however. Religious indicate we country employee particularly money ahead.,2025-05-04 04:27:51
79,6,Enter heavy hour long.,closed,Lawyer space street entire near important long. Artist common central mouth customer task two few.,2025-03-16 17:38:15
80,98,Foot decade five entire my job.,pending,Central hospital only. Reason exist task he suggest like.,2025-03-25 09:04:09
81,57,Collection stop sing large.,open,Benefit recognize avoid. Today food under option but. Everybody believe but address lead attorney test forward.,2025-01-25 12:27:28
82,52,Machine leave debate window order recent.,open,Boy cost degree truth beyond wish probably. Play manager score fact first million agent. Score society man claim because keep fight.,2025-04-10 23:01:47
83,17,After view far scientist together give idea test.,closed,Firm reveal drop class.,2025-03-03 21:44:27
84,99,Leg question best kitchen their at.,pending,Response term thing woman out. Pretty person improve never hotel bit past. Along think nation everybody market.,2025-02-24 01:24:34
85,33,Difference time vote still firm.,closed,Group less seem sign street draw nation. Some success part.,2025-01-26 06:23:11
86,66,Through situation Mr surface leave describe.,open,Process impact trouble authority. Space role respond. Either analysis among western.,2025-02-20 05:07:55
87,60,Town time minute international save loss watch.,pending,The woman owner blood fear teacher contain. Final as ever everything.,2025-01-26 08:52:40
88,88,Coach sort service animal able force.,closed,Easy suddenly agreement organization society. Reality mission nothing stand get pull. Attorney effect clear eye would.,2025-03-28 07:26:37
89,5,Behind expect black break.,pending,Our analysis others reflect effort city.,2025-02-12 11:13:38
90,8,Well along debate gas boy.,open,Matter memory task many. Notice tough main likely manager eat.,2025-02-15 02:19:31
91,32,Stay next surface strong particularly wall through.,closed,Least former cold approach. Success follow perhaps even ground. Read local thing about.,2025-02-01 05:01:49
92,80,Tell old sense could measure nearly fire business.,closed,Use health research see rich edge. Wish cell beat final.,2025-01-01 05:27:50
93,21,Skill cover bag wind policy future reach maintain.,open,Almost expert debate present do if set. Network international bit collection painting song better. Buy rock need line whether through.,2025-01-05 14:33:55
94,75,Almost information life risk alone.,open,Develop edge thought marriage agreement. Size discover design box remain.,2025-03-31 07:48:37
95,96,Manage college record attention energy nice every order.,closed,Ready contain little attack money no. Doctor similar modern year debate use.,2025-01-10 21:36:50
96,15,Power direction price better their song.,open,Carry term reveal seven.,2025-03-05 02:25:41
97,10,Figure site water relate whole line who.,open,Visit tend thank south across. Herself interest area case across everything more. Stay cut occur she.,2025-03-01 05:53:04
98,74,Poor every camera thus build.,pending,If similar have soldier product easy image. Final everyone mother ok.,2025-03-11 01:16:46
99,32,Entire instead focus win shoulder care.,pending,Itself project tax other about learn recognize court. Interview company past player according.,2025-02-01 09:27:03
100,75,Hear either gun.,closed,Future left from need treatment lead parent. Alone decade world east employee around.,2025-04-10 07:35:15
