id,email,plain_password,password_hash
1,yclark@example.net,$2qotYde%4,efb5395ca0db7b51b5a49419adb23a50266f3a2b813b55f878e3881f0b5afcfe
2,brian73@example.org,HA0FBOz1!$,9604bc7e2712352dce6385ab6ef78927561809ac1594a2d51c33ae9d8b677704
3,gflowers@example.org,q*qC5Io&D+,ff6ff4cfbdab008412e4f09be0576931401b073f3a65ec4f7014a3c8d5a577b6
4,sgreen@example.org,tl3x0YBVo#,356032843f9cf723021c16e0658ff1a97b85376d51eb3b02ffb33704975ca9f1
5,tadams@example.org,!YG_7Gxx0B,2f04d02fd0fb14c88da7bd35caffa03f841e4baf96323b5ce56393171c545652
6,tsmith@example.org,Ci&24ZWmj1,1507ff68a26aab4c4a7e8e076d37f33d08f5dca0e38fccd89bfdfc9523202ad6
7,martinezchristopher@example.org,^N5Ad0!aI5,4dc6d55dbab4d05f1347b5f059e76f698aa16563ce31a21417576fab390df23c
8,flowery@example.net,@hy^Kq5XH3,eb7f637283eefac4b97208e28f8cf635ef1c6ed2522fc3d56fafa8902fc4bdfe
9,lmills@example.org,955$4N@w#9,978992a91cbe491fe2820bc7e681bdf342c217e8ce1e5c00de7a655a0336200a
10,kellyanderson@example.org,k_3#A%632r,0891b727022ae8330e85504d82b2d7fb77c23fb2a5fc954c7b3be8ee32d964f2
11,krystal13@example.net,+93%#rKmcU,ef53ff37f10a55e73a89d8752b45585f5f8440d29832fb754c05929bc68cf64f
12,rachelmartin@example.net,*7CaEkb(yW,d79fd77ad9387170d45a504f883b61038df8f4d99ab9c9b994f382f156f5978c
13,mark73@example.net,_v0O5V6mK6,2813cdc0f0358c911e383dd778793831ab1a95675f53ebc3c6d06597c43a359e
14,austin04@example.net,^x4yTIimpN,c0de29f559fd7418118609611ab84430e4cfb51dfbf3c41c674600fcb938ebad
15,valeriemacias@example.net,a$4Un8yDzf,959f8621609f2731e306d2fb10b507760d53106039776a7b4cb402f82b981a09
16,traci58@example.com,IFbMaJON(9,0360236bfa3845cddf97e2933700a4d5f1776893399055ae1399a946926bb728
17,kayla89@example.com,Bo)R85Byg^,1624c7549e3aaafb92e3192b4dd2d285867248f130fd57334a8353d18555ef0c
18,rebeccahahn@example.org,C5QQ9fHk&o,92d61b814be65506cd2683fdd1966b6e890dc0fc8e5cabf3335fccb54c6eac9b
19,zcastillo@example.net,&7wFnZa!m_,3cf5099ddd819acd0e3232560ac7b0f57d0817d53f3b327762d984d186fb740b
20,glen94@example.net,(vsM2o4Va9,249a0e7de662f5bb17256816e74e10874222fa6c3a3473bcb906eee626aa2556
21,matthewdavid@example.org,n9lHcaQU)+,88e3162e12f2d6c558511492d1ddd80dfc575607971f298d218aed2bed3da8ff
22,gbrewer@example.org,%Dj1irdw#3,8db379a54ef12ea4eeeb570c4c322bfbd8b5f2d960f9a0fd211343d3e91c923d
23,spencer64@example.org,^3UjAW6Q8$,c49175a01105347fdfc12d98942f27adc070f60a747ad1ee7121e0d2c76d51e9
24,amanda42@example.net,0+H@1^BeE^,38306481cb10da9fc3003da6c420579a1d4c722957f350c2a51a2da5811f83c1
25,elijahharvey@example.com,N4vD^DZx&$,dcfc7ac32ea1b82ba0cf20c4c7b624f1771f5b5618f6334feca0b860d038c1bf
26,george36@example.com,*hf3QNyMLU,c98672a613899d089be14fcdfa6c0a9eafd86e64a85b08573d99d7f54b1584ff
27,lydia12@example.net,t#a6xXfd4c,0786bfab6a58c025a06af8d27a2d6d3c97c012892e72462028c206059b528515
28,slopez@example.org,Ya3Q6kFZX@,3e1d7551a7d8a0c4e3d51dea9a4028b84c433bd7e3c000ef965e21fa2fc17355
29,allenrobert@example.com,9KIj7hqh_0,4158c1dcb50ed254a1334a0f54c7a5a37d94dc30f7dfee021ee5985850ce6a42
30,jason66@example.org,5#1I!Jrlj^,b589f1d45f4afed768a77aea04b7ee8674dff3261f612dd0bf6ff7a64080c561
31,hreyes@example.org,S079YSJpl#,fe9368bd39d9bc736cf8448c4ce967ddddbd177047935d744bc031831ea4ea7c
32,pinedaanna@example.org,7&Ng99Gx+5,e70f67cc18664c3bfa103eab326492cf654fef909f240303677efbc723f100a6
33,katherinedickson@example.org,40eG1awj&9,d54bc6840ca29f3e9b84eabf8991f165666d29f4375e0147949771861b795ba6
34,ebell@example.com,q0F+1HRq^D,32b044ec6d93d2de9f5745faa60a72a2faab8559c961b12e6cd289dd02ea0164
35,logan10@example.org,(u2CilrIr_,68804cc50838090fe24948879864d9143bfb4801070e90fa14afef68fea9f81d
36,mooreleslie@example.com,H_2PFxP$Dq,ef43fdbec5213b2367e32416684bc3a454ec6fca7ab9858f60b5f0689197cccd
37,vanessabarnett@example.org,saPt1^2P^6,062b4b7542a2a4fde17d81cd7ca1c094ef583a817d5b4a1eac8fc7efad30b7c0
38,moranscott@example.com,dp^86Ah*B7,d9ff1580b81e667880f6ad02c472859aaa25938c7187751f702b7631bdb7dc4d
39,edward79@example.net,455QakjqS!,8bac3620e6143b0cc3ab78932c724dfcf7b9bed0813358304ccc60904fba2f82
40,angela77@example.com,2JyF%Mtn!P,792114e7ba619a0719d7323309a40cd335719166c20cb6120e7ad979508f8b10
41,johnbarnes@example.org,g7XWK@hG@0,b62e0862c6eacdc7e6d8c43cef08ca58239690d4cb88bbb1733518f124c45287
42,fmills@example.org,g+10Tt1MQ*,47aec8d7872b25e0d4e29e6636edc84f8c7fd6a15ec94dc5e37feb70cf001d9e
43,greglee@example.net,Z3jd#oin%4,b1b784151ae3d2059cef0ecc2bab11fa0bb075c7191953cf8d56ea3e6a369953
44,matthewdoyle@example.net,V9oF6CfC)r,2e1741bcd932fa08747f0c2a4ee5c568d27e23a9bc58c15e9ecd4cb0dcb4888c
45,dhammond@example.org,LI7nR3pX#Y,9b69dfa7d36623dd7f9aa3199c005fbd5e8726e7426c61388b4f6f90f3cb8da1
46,armstrongtiffany@example.com,!6IKQlyDlY,8e59aebd24d4c741ee388a9f27b3fc11ede1946c334812ae867fd94463922512
47,hollowaykimberly@example.com,*$46JWc8!1,1a97f5b8e126c1e0f303a8baacc8dd11144f76d971173fc006e17a02401484e8
48,bakerkrista@example.com,Hq4c3T)r%^,165f91122ab823b536ba555cd4328b97ff5786ce3aca865c8d3ede83b76cf575
49,cnavarro@example.org,+_)6M2Na(^,99baef122a570129473b081cc8a8a5dd1af8ff8a733acd092082829cd4e2a473
50,ihiggins@example.net,^28B1sag$F,62e20c22c58f2e2884d2501b474d7187db84c6315f9c5f09e50905006a8bcf0e
51,cookwilliam@example.net,9uFGFzr7&Q,9e06b0a3dcb13fb1b326f0355807faa8ab7dc0b5d83dd84f53238bcd45a57deb
52,seanpotts@example.net,Z^9nYoR5J4,bd4d81aa0c1b2319e14e730b47962f6b5008460964704454e1d87cc20a6ad985
53,michael11@example.net,d(L*4Hk^&k,5c98d56bde63a97b4b0db70e1246173acac3a22dd931697cf1a141f6c711ed62
54,moodychris@example.org,!9%zW#oOWo,39b6f3f24ddd83464ee9d3edb268a10387f800bf5bf677627998a9c972233fe5
55,wayne83@example.com,(I@9J5Uis6,58aada54352e492131514aeea471a581b33d5ae9f28e51f72a8913c197a4520a
56,christinasmith@example.com,&2Su1F!gvU,8e2157a9693997f6b9c555f533f99f1885c80774e862e88695000855e71c664f
57,anthony17@example.com,#)3^A%tO*j,1e5e0c6298e0d21099046662e9ef92740900e41b26e11db0df81a14b892bd6ac
58,perrymarc@example.net,$2YxqY@K0P,17e0bd7a69e658f0314ae07aa2a158665839cad0ecc8c50d596e6ad3b7865af1
59,bcrawford@example.net,z8ZSNXbm(&,bf97230fb9259527ca7a2dcf7da5b932c8a806c6025a7ad973790e09126eac2a
60,bonnie67@example.com,_I4NdWx9!#,4b14520d612a6b86da11fee6842ec6b1e14053ef369a6028a9b8db956fd2fc75
61,thomasann@example.com,M8@%7DauGN,6de8858d48a5608cfaa66d73bd9f9c6130c3958fd15e958531d03db86ad5ab38
62,wholland@example.org,&TZZ6mNz_X,2df7675069406fbe5a3d1adad40340fb434753b318284194670b867e156d6540
63,stephaniebush@example.com,G965HYoM^#,13e6d47adfa1b3b3d141633ef5e85bb337f3b5f25bbf01da38fef09502bcca80
64,othomas@example.org,sf&84XczUn,d540a94ed07d900f2620b15531a36aea3222216313545c84df26e33346500286
65,katherine27@example.com,H!x9bAq+ID,f78d6d91f583df0edc1b75b4ca42184550005885970c141809f81b31e40b06dd
66,jasmine04@example.com,F2iRatES^),d5c27da9b8c2cc8e3ad0353c7169aa0bc27d30b924f1626d2b2479bde0ac7ec9
67,bsaunders@example.com,%kYcCMkD2b,2ec0b1f8f0ed17a5f7545d30427754453c9f01daace28e5b4fc5fe854c6df6d5
68,christopher26@example.org,h8&Mw3gv&S,773b929422b8a24607c7c6c56ac488fd25cd29bd422a03c1c5991c3aaa927cbc
69,martinjoseph@example.com,wl8W$xUd&8,910126623e218b47df76ebd35dd8dc011f97e091de3ed53a3af27ac7554e4e45
70,andrewfoster@example.org,S4D+0x3v&3,bf12017e8d85b826b217411bcdeaf6e29a075239927eb9aa813f325f452dd175
71,tracy29@example.net,iX^A0RlZj*,61f68ad09a8654d43201b60c65cac5f486c23999ecacc62c1163c1eb2c4d85f5
72,acastillo@example.com,%5+hkaNuGM,9dbfe7ca9620053cddba66e3c7698228ef1243cce2da75d4feec5b7bb3310f67
73,rogersjason@example.com,9uCerCPn%%,ed16a7335b01398bf1250d0194cc5d06a60d7554bcc6afd5ae348ecd9c1e3bde
74,gwright@example.com,*8yQ8xFp1J,6827f2d02b70a7ae3df57a26204e279c414e52c20b68e6d21525f02fbb351f21
75,jennifer80@example.com,f15A3J4tE$,55897aca1270f1124e3800e515313aad4e690c8ee9a4fdecb82aff852afc1982
76,robert25@example.com,@14bRLsZrV,405d6e73b535c275ab8a9b6c1b344510300636b65677236b45f08bd339f2e756
77,juanlloyd@example.com,y6Lk8fcJ!*,6023dd380a72013f918e4898c535aebadb09dc68d2f5d478c54c90e60eecdf26
78,medinajerome@example.com,Nc3*dVXy4!,6ab60a4d997a6733a61f58fdd76cb94ac57667326d4211add9a2f09d0336b481
79,xperez@example.org,PR4WrVlf%$,01e2596b8c76a4bf12f625465b83ed46c94e2873fe2c8bf52ecea1aabbc37568
80,matthew48@example.com,sAN$6V2k%b,afefe1b78c1a47055a0e5c5bf734246204ca752cfbd1c8e923398964aab490d9
81,christopher05@example.org,o@VQ2Lzp(&,6886f085e77e063421b4470fac431282ccd7ca3fdb101dcc79df9ca88fd92683
82,lawrencephillips@example.net,ph3nIBsa^W,37d4724d33027dd0d9a31a0dabd13d390725a2b58ae700b8b1cbf98ede07bf5f
83,wendy28@example.com,!qaOIS&ng1,384011ff83d4a0e0365db2215cafd8140fb5453b59f8002d81af4d893c22661c
84,rogerreynolds@example.org,A+4W!i)IZX,0019edae3978c90334f98615535fd3fee0a5fc4295a7dc82d2a94f530029e37f
85,cooperdavid@example.org,9E3#RNqd&c,6364c95e825b91d0c42dd715a424043c6b477ad96cf5cb7251980f22bcc4a486
86,victoria70@example.org,#&)0EyB1b$,568d9553fa293f2f68e0362bba9df93972c0479acd2e5f281e04af1ca4c92715
87,jillbryant@example.com,05bSUbBu^h,96f3842bc387156d8bdc30429537f8b868aad2c4fd9db51f828166747c9af416
88,laura42@example.com,X)5yDvqhDP,cbe8f3926bac612d8c22c2b2ab05d5a88bf4226b57dce707fc46f51fb522e2ee
89,woodtara@example.net,^hFP&#v)94,bcb26670e435f488384f4397a4698d4da0b6c0f356db555932b58a6d3260be0e
90,michaelmcgee@example.com,!@OBE35ty4,bece4371b4d8dfc535ec7b87bcf9fe78da424901205477876443dbd97b7e9cb1
91,ncharles@example.net,)GT(hPOJ8T,cf2c3d0e289450b5425e73e2a81e0a487aef69ead86fd7c28c68d33ab59b9d3a
92,emarsh@example.org,^6N0uH^y0H,32c33ecc766b732791eaf7bc5ed1f5fec34ffe9f1064ca1478ac217e8755a62e
93,melissa56@example.org,_I4G9stdoY,3a7aa1759fba34f5f1a1480dedc19d4bb3d4b70e3b22872dfe0feee6dc5dd080
94,medinamary@example.org,k1FRT3c)_h,0d010fce87d045d529c8f393e9ff9dfef072909bfdb55f0460350b6158d7fa90
95,jeffreyvaughn@example.com,*mp4MAuZk$,d032b8d87c3e47dc306ca400dd7d4d5daa34db4b6e6db5180076a3bda67e6219
96,valerierodriguez@example.com,RRw8s9Nvt^,fb5a8b694371f3a47affec177c4956a793c76fe68d66b5ad29d43819388729c4
97,holmesjames@example.org,qmnX&633(3,c73ae5e0e8a67bffc21e73e1a43ae95dbabbc2c71fe92b9b8e6c6db57b17fab6
98,woliver@example.org,+D7bAlVql),bdfebb636fb257b91ae15ad7091d6898d8d8a9f38bf07c1c20658acef502ffc1
99,emilybruce@example.org,+fwIWo4u%9,39aa4ec53ba1bbe8856bfe43a55721ae73cdf8f1ab52b9cde127745fb8fdec03
100,megan33@example.org,7aV9LMDw0_,e8f98cb3474b2489258b2a1652e881dfeb1fbd569960a524be1b006d8854248a
